Name,lat,lon
COBAN,15.4716,-90.3767
CHAMP,14.2946,-91.9140
IZABA,15.7472,-88.5780
SALAM,15.1010,-90.3179
CHULA,13.9160,-90.8911
ZACAP,14.9716,-89.5417
QUICH,15.0295,-91.1445
ESCTL,14.3111,-90.7611
STARS,14.2791,-90.3014
JALAP,14.6322,-89.9847
GARIT,13.7517,-90.1268
OCOS,14.5329,-92.2193
COAT,14.6994,-91.8642
JACAL,15.6673,-91.7082
EPROG,14.8561,-90.0686
JUTI,14.2832,-89.8975
HUEH,15.3162,-91.4851
SMARC,14.9580,-91.8023
XELA,14.8618,-91.5491
